City_ID,City,Country,Date,Lat,Lng,Max Temp,Humidity,Cloudiness,Wind Speed
0,San Patricio,US,2021-04-21 17:37:54,28.017,-97.5169,68.0,48,75,14.97
1,Pevek,RU,2021-04-21 17:37:55,69.7008,170.3133,20.16,68,51,18.23
2,Rikitea,PF,2021-04-21 17:37:55,-23.1203,-134.9692,77.99,71,40,9.89
3,Jamestown,US,2021-04-21 17:37:29,42.097,-79.2353,32.0,80,90,9.22
4,Eirunepe,BR,2021-04-21 17:37:55,-6.6603,-69.8736,85.75,66,72,2.8
5,Saint George,US,2021-04-21 17:37:56,37.1041,-113.5841,77.0,10,1,5.75
6,Upernavik,GL,2021-04-21 17:37:56,72.7868,-56.1549,18.21,68,66,6.69
7,Port Alfred,ZA,2021-04-21 17:37:56,-33.5906,26.891,70.09,84,90,6.13
8,Faanui,PF,2021-04-21 17:37:57,-16.4833,-151.75,81.9,72,38,12.88
9,Kodiak,US,2021-04-21 17:33:15,57.79,-152.4072,41.0,87,90,20.71
10,Castro,BR,2021-04-21 17:37:57,-24.7911,-50.0119,71.4,48,22,4.29
11,Ushuaia,AR,2021-04-21 17:37:57,-54.8,-68.3,51.8,43,0,1.39
12,Primorsk,UA,2021-04-21 17:37:58,46.7348,36.3443,48.72,88,17,7.34
13,Caravelas,BR,2021-04-21 17:35:51,-17.7125,-39.2481,80.31,72,95,6.38
14,Petropavlovsk-Kamchatskiy,RU,2021-04-21 17:37:58,53.0452,158.6483,37.4,75,75,4.47
15,Luis Correia,BR,2021-04-21 17:37:58,-2.8792,-41.6669,87.8,70,20,11.5
16,Kapaa,US,2021-04-21 17:37:59,22.0752,-159.319,73.0,83,1,5.75
17,Constantine,DZ,2021-04-21 17:37:59,36.365,6.6147,64.4,48,75,9.22
18,Albany,US,2021-04-21 17:35:58,42.6001,-73.9662,53.01,81,90,8.05
19,Punta Arenas,CL,2021-04-21 17:37:59,-53.15,-70.9167,48.2,49,0,10.36
20,Butaritari,KI,2021-04-21 17:38:00,3.0707,172.7902,82.63,74,96,17.96
21,Dikson,RU,2021-04-21 17:38:00,73.5069,80.5464,29.75,93,100,15.5
22,Barrow,US,2021-04-21 17:38:00,71.2906,-156.7887,17.6,79,75,8.05
23,Arraial Do Cabo,BR,2021-04-21 17:38:01,-22.9661,-42.0278,78.8,78,0,18.41
24,Great Bend,US,2021-04-21 17:34:40,38.3645,-98.7648,48.99,49,40,9.22
25,Saint-Philippe,RE,2021-04-21 17:38:01,-21.3585,55.7679,77.0,83,75,13.8
26,Norman Wells,CA,2021-04-21 17:38:01,65.282,-126.8329,23.0,68,75,18.41
27,Hasaki,JP,2021-04-21 17:38:02,35.7333,140.8333,51.8,87,0,4.61
28,Sistranda,NO,2021-04-21 17:38:02,63.7256,8.834,39.2,75,75,9.22
29,Avarua,CK,2021-04-21 17:38:02,-21.2078,-159.775,77.0,78,20,12.66
30,Kavieng,PG,2021-04-21 17:33:24,-2.5744,150.7967,79.65,81,99,3.09
31,New Norfolk,AU,2021-04-21 17:38:03,-42.7826,147.0587,53.01,68,91,1.99
32,Yumen,CN,2021-04-21 17:38:03,40.2833,97.2,61.41,14,76,7.07
33,Kahului,US,2021-04-21 17:34:13,20.8947,-156.47,73.0,94,20,3.44
34,Illapel,CL,2021-04-21 17:38:04,-31.6308,-71.1653,69.64,47,79,7.43
35,Bridlington,GB,2021-04-21 17:38:04,54.0831,-0.1919,46.0,61,61,4.0
36,Qaanaaq,GL,2021-04-21 17:38:04,77.484,-69.3632,13.35,70,100,8.84
37,Clyde River,CA,2021-04-21 17:38:04,70.4692,-68.5914,10.4,92,75,11.5
38,Guerrero Negro,MX,2021-04-21 17:38:05,27.9769,-114.0611,65.12,56,33,10.83
39,Airai,TL,2021-04-21 17:38:05,-8.9266,125.4092,58.12,94,96,2.26
40,Lajong,PH,2021-04-21 17:38:05,12.8333,123.9667,77.86,89,100,8.14
41,Provideniya,RU,2021-04-21 17:38:06,64.3833,-173.3,32.45,44,99,4.05
42,Meulaboh,ID,2021-04-21 17:38:06,4.1363,96.1285,78.64,83,97,3.36
43,Sao Joao Da Barra,BR,2021-04-21 17:38:06,-21.6403,-41.0511,82.4,57,75,9.22
44,Najran,SA,2021-04-21 17:38:07,17.4924,44.1277,82.4,17,0,4.61
45,Victoria,HK,2021-04-21 17:37:21,22.2855,114.1577,75.0,81,0,7.58
46,Shimoda,JP,2021-04-21 17:38:07,34.6667,138.95,54.0,73,3,3.0
47,Loandjili,CG,2021-04-21 17:38:07,-4.7561,11.8578,82.4,83,40,6.91
48,Mineiros,BR,2021-04-21 17:34:37,-17.5694,-52.5511,80.78,39,0,5.03
49,Cidreira,BR,2021-04-21 17:38:08,-30.1811,-50.2056,71.56,67,82,18.07
50,Parabel,RU,2021-04-21 17:38:08,58.6978,81.4825,16.74,91,33,5.57
51,Cape Town,ZA,2021-04-21 17:38:08,-33.9258,18.4232,64.99,88,0,11.5
52,Ahipara,NZ,2021-04-21 17:34:54,-35.1667,173.1667,59.94,76,100,4.72
53,Benalla,AU,2021-04-21 17:38:09,-36.55,145.9833,39.0,100,28,4.61
54,Port Elizabeth,ZA,2021-04-21 17:38:09,-33.918,25.5701,68.0,88,40,10.36
55,Maniago,IT,2021-04-21 17:38:09,46.1706,12.7078,53.6,94,75,5.75
56,Chuy,UY,2021-04-21 17:38:10,-33.6971,-53.4616,72.23,61,22,17.02
57,Poum,NC,2021-04-21 17:38:10,-20.2333,164.0167,77.45,80,10,5.79
58,Busselton,AU,2021-04-21 17:38:10,-33.65,115.3333,54.0,93,73,10.13
59,Ponta Delgada,PT,2021-04-21 17:38:11,37.7333,-25.6667,62.6,94,40,12.66
60,Am Timan,TD,2021-04-21 17:38:11,11.0297,20.2827,97.48,16,54,4.56
61,Bilma,NE,2021-04-21 17:38:11,18.6853,12.9164,95.16,7,1,9.01
62,Soderhamn,SE,2021-04-21 17:38:12,61.3037,17.0592,45.0,92,100,3.0
63,Arlit,NE,2021-04-21 17:38:12,18.7369,7.3853,97.57,9,3,8.77
64,Saldanha,ZA,2021-04-21 17:38:12,-33.0117,17.9442,64.4,72,18,5.75
65,Northam,GB,2021-04-21 17:38:12,51.0333,-4.2167,54.0,27,20,1.01
66,Mataura,NZ,2021-04-21 17:38:13,-46.1927,168.8643,46.99,97,98,1.01
67,Hobart,AU,2021-04-21 17:35:00,-42.8794,147.3294,53.01,66,90,4.61
68,Awjilah,LY,2021-04-21 17:38:13,29.1081,21.2869,77.14,17,72,9.15
69,Bethel,US,2021-04-21 17:38:13,41.3712,-73.414,63.0,59,20,12.66
70,Sao Felix Do Xingu,BR,2021-04-21 17:38:14,-6.6447,-51.995,80.91,74,99,3.2
71,Chalon-Sur-Saone,FR,2021-04-21 17:38:14,46.7833,4.85,59.0,58,48,5.75
72,Kanigoro,ID,2021-04-21 17:38:14,-8.13,112.219,70.9,90,11,3.38
73,Bluff,NZ,2021-04-21 17:38:15,-46.6,168.3333,46.99,97,98,1.01
74,Harper,LR,2021-04-21 17:38:15,4.375,-7.7169,83.35,76,99,9.42
75,San Martin,AR,2021-04-21 17:38:15,-33.081,-68.4681,55.4,88,90,4.61
76,Antigonish,CA,2021-04-21 17:38:16,45.6169,-61.9986,61.0,51,71,5.01
77,Zhumadian,CN,2021-04-21 17:38:16,32.9794,114.0294,50.88,96,100,7.4
78,East London,ZA,2021-04-21 17:38:16,-33.0153,27.9116,68.0,88,40,4.61
79,Tiksi,RU,2021-04-21 17:38:17,71.6872,128.8694,7.57,91,97,10.98
80,Kumylzhenskaya,RU,2021-04-21 17:38:17,49.8809,42.5898,51.01,85,52,8.08
81,Grindavik,IS,2021-04-21 17:38:17,63.8424,-22.4338,44.6,76,90,14.97
82,Rodrigues Alves,BR,2021-04-21 17:38:18,-7.738,-72.6509,86.0,74,75,9.22
83,Eidfjord,NO,2021-04-21 17:38:18,60.4675,7.0719,35.8,82,70,6.44
84,Isangel,VU,2021-04-21 17:34:09,-19.55,169.2667,77.61,87,62,5.59
85,Lekoni,GA,2021-04-21 17:38:18,-1.5843,14.2591,74.01,87,97,6.35
86,Mar Del Plata,AR,2021-04-21 17:38:19,-38.0023,-57.5575,69.8,94,40,16.11
87,Vila,PT,2021-04-21 17:38:19,42.0304,-8.1588,53.6,100,75,4.61
88,Betsiamites,CA,2021-04-21 17:38:19,48.9413,-68.646,42.8,52,40,16.11
89,Yellowknife,CA,2021-04-21 17:37:46,62.456,-114.3525,23.0,68,90,20.71
90,Fortuna,US,2021-04-21 17:36:53,40.5982,-124.1573,54.0,100,90,4.61
91,Bussigny,CH,2021-04-21 17:38:20,46.5511,6.556,55.0,65,52,1.99
92,Agadez,NE,2021-04-21 17:38:20,19.75,10.25,92.79,6,7,11.81
93,Cherskiy,RU,2021-04-21 17:38:20,68.75,161.3,25.74,69,24,16.8
94,Padang,ID,2021-04-21 17:38:21,-0.9492,100.3543,73.4,100,75,6.91
95,Shenkursk,RU,2021-04-21 17:38:21,62.1091,42.896,38.41,90,100,13.44
96,Sao Filipe,CV,2021-04-21 17:38:22,14.8961,-24.4956,73.45,70,100,11.48
97,Santa Isabel,BR,2021-04-21 17:38:22,-23.3156,-46.2214,73.4,64,75,5.75
98,Hofn,IS,2021-04-21 17:38:23,64.2539,-15.2082,44.6,49,20,6.91
99,Tromso,NO,2021-04-21 17:35:58,69.6496,18.957,35.6,69,75,8.05
100,Marienburg,PL,2021-04-21 17:38:23,54.0359,19.0266,52.0,57,80,9.86
101,Longyearbyen,SJ,2021-04-21 17:38:23,78.2186,15.6401,26.6,63,75,3.98
102,Mittagong,AU,2021-04-21 17:38:25,-34.45,150.45,50.0,86,0,1.99
103,Buala,SB,2021-04-21 17:38:25,-8.145,159.5921,79.43,81,76,1.99
104,Thompson,CA,2021-04-21 17:38:26,55.7435,-97.8558,44.6,39,1,10.36
105,Ozieri,IT,2021-04-21 17:38:26,40.586,9.0012,57.2,94,40,5.75
106,Iberia,US,2021-04-21 17:38:27,29.9502,-91.7507,63.0,48,1,19.57
107,Trinidad,BO,2021-04-21 17:36:30,-14.8333,-64.9,86.0,74,75,9.22
108,Oromocto,CA,2021-04-21 17:34:35,45.8351,-66.4792,59.0,44,90,11.5
109,Souillac,MU,2021-04-21 17:33:48,-20.5167,57.5167,77.0,88,75,4.61
110,Sorland,NO,2021-04-21 17:38:28,67.667,12.6934,37.4,70,40,13.8
111,Bathsheba,BB,2021-04-21 17:38:28,13.2167,-59.5167,84.2,54,40,20.71
112,Tuktoyaktuk,CA,2021-04-21 17:38:28,69.4541,-133.0374,10.4,85,90,25.32
113,Esso,RU,2021-04-21 17:38:28,55.9333,158.7,23.36,98,95,4.59
114,Tsevie,TG,2021-04-21 17:38:29,6.4261,1.2133,87.8,74,20,14.97
115,Santa Maria,BR,2021-04-21 17:38:29,-29.6842,-53.8069,80.6,50,0,11.5
116,Tsybli,UA,2021-04-21 17:38:30,49.9948,31.5628,48.2,66,0,4.47
117,Miyako,JP,2021-04-21 17:38:30,39.6367,141.9525,45.5,46,0,10.02
118,Leningradskiy,RU,2021-04-21 17:38:30,69.3833,178.4167,22.37,62,36,7.49
119,San Cristobal,VE,2021-04-21 17:38:31,7.7669,-72.225,89.6,51,40,9.22
120,Hilo,US,2021-04-21 17:38:31,19.7297,-155.09,73.4,78,90,4.61
121,Lebu,CL,2021-04-21 17:38:32,-37.6167,-73.65,57.02,78,73,15.73
122,Inirida,CO,2021-04-21 17:38:32,3.8653,-67.9239,90.21,53,47,3.71
123,Bushehr,IR,2021-04-21 17:38:33,28.9684,50.8385,80.6,61,0,3.8
124,Hermanus,ZA,2021-04-21 17:38:33,-34.4187,19.2345,66.0,81,68,5.01
125,Lompoc,US,2021-04-21 17:36:29,34.6391,-120.4579,53.6,82,95,4.61
126,Vallenar,CL,2021-04-21 17:35:15,-28.5708,-70.7581,78.1,24,36,7.36
127,Maldonado,UY,2021-04-21 17:35:08,-34.6667,-54.9167,75.99,64,75,14.97
128,Anadyr,RU,2021-04-21 17:38:33,64.75,177.4833,5.0,85,34,4.47
129,Serebryansk,KZ,2021-04-21 17:38:34,49.6925,83.2892,28.4,59,75,4.47
130,Walvis Bay,NA,2021-04-21 17:38:34,-22.9575,14.5053,80.6,36,96,11.5
131,Hami,CN,2021-04-21 17:38:35,42.8,93.45,70.45,14,92,6.22
132,Ribeira Grande,PT,2021-04-21 17:38:35,38.5167,-28.7,64.4,94,75,28.77
133,Dunedin,NZ,2021-04-21 17:38:22,-45.8742,170.5036,52.0,96,100,4.56
134,Khatanga,RU,2021-04-21 17:38:35,71.9667,102.5,7.93,91,100,13.33
135,Vaini,TO,2021-04-21 17:38:36,-21.2,-175.2,71.6,94,20,4.61
136,Oussouye,SN,2021-04-21 17:38:36,12.485,-16.5469,91.4,69,0,9.22
137,Georgetown,MY,2021-04-21 17:34:42,5.4112,100.3354,82.4,89,40,2.3
138,Lagoa,PT,2021-04-21 17:38:37,39.05,-27.9833,63.28,90,100,30.82
139,Tiarei,PF,2021-04-21 17:38:37,-17.5333,-149.3333,77.0,83,40,3.44
140,Nanortalik,GL,2021-04-21 17:38:37,60.1432,-45.2371,38.28,76,100,7.43
141,Roura,GF,2021-04-21 17:38:38,4.7263,-52.3274,82.4,83,75,11.5
142,Bredasdorp,ZA,2021-04-21 17:38:38,-34.5322,20.0403,62.6,88,77,6.91
143,Ghanzi,BW,2021-04-21 17:38:38,-21.5667,21.7833,66.87,36,0,7.81
144,General Roca,AR,2021-04-21 17:38:39,-39.0333,-67.5833,66.2,63,20,3.44
145,Pisco,PE,2021-04-21 17:38:39,-13.7,-76.2167,73.4,68,0,10.36
146,Nikolskoye,RU,2021-04-21 17:38:39,59.7035,30.7861,37.4,87,90,6.71
147,Champerico,GT,2021-04-21 17:38:40,14.3,-91.9167,86.0,79,75,8.52
148,Talnakh,RU,2021-04-21 17:37:22,69.4865,88.3972,11.88,91,100,7.87
149,Vredendal,ZA,2021-04-21 17:34:53,-31.6683,18.5012,64.42,66,15,5.12
150,Comodoro Rivadavia,AR,2021-04-21 17:34:51,-45.8667,-67.5,59.0,58,75,13.8
151,Nantucket,US,2021-04-21 17:37:43,41.2835,-70.0995,57.2,77,75,17.27
152,Marshall,US,2021-04-21 17:38:41,34.3834,-86.3333,48.99,57,75,13.8
153,Tuatapere,NZ,2021-04-21 17:38:41,-46.1333,167.6833,46.99,97,86,1.01
154,Codrington,AU,2021-04-21 17:38:42,-38.2667,141.9667,50.27,90,64,9.53
155,Yashalta,RU,2021-04-21 17:38:42,46.3395,42.2762,52.43,75,64,4.21
156,Roebourne,AU,2021-04-21 17:38:43,-20.7833,117.1333,78.53,52,1,9.53
157,Calbuco,CL,2021-04-21 17:38:43,-41.768,-73.1273,55.4,76,75,6.91
158,Hithadhoo,MV,2021-04-21 17:38:44,-0.6,73.0833,82.99,66,63,4.76
159,Santa Cruz,BO,2021-04-21 17:38:44,-17.8,-63.1667,84.2,65,75,14.97
160,Margate,GB,2021-04-21 17:36:48,51.3813,1.3862,46.99,66,8,8.01
161,Tautira,PF,2021-04-21 17:38:44,-17.7333,-149.15,77.0,83,40,3.44
162,Cabo San Lucas,MX,2021-04-21 17:35:47,22.8909,-109.9124,84.0,27,1,4.61
163,Quatre Cocos,MU,2021-04-21 17:38:45,-20.2078,57.7625,77.0,88,75,4.61
164,Labuhan,ID,2021-04-21 17:38:46,-6.8844,112.2051,75.97,82,30,6.24
165,Moose Factory,CA,2021-04-21 17:38:46,51.2585,-80.6094,21.2,63,90,5.75
166,Katangli,RU,2021-04-21 17:38:46,51.7102,143.2326,22.75,97,33,5.06
167,Puerto Escondido,MX,2021-04-21 17:38:47,15.85,-97.0667,86.0,79,40,5.75
168,Puerto Ayora,EC,2021-04-21 17:38:47,-0.7393,-90.3518,80.6,78,75,9.22
169,Kununurra,AU,2021-04-21 17:38:48,-15.7667,128.7333,66.2,94,6,3.96
170,Iqaluit,CA,2021-04-21 17:38:48,63.7506,-68.5145,30.2,93,90,34.52
171,Cockburn Town,TC,2021-04-21 17:38:48,21.4612,-71.1419,82.4,65,40,11.5
172,Praia Da Vitoria,PT,2021-04-21 17:37:34,38.7333,-27.0667,63.0,94,75,25.48
173,Narsaq,GL,2021-04-21 17:38:49,60.9167,-46.05,50.0,25,75,24.16
174,Qaqortoq,GL,2021-04-21 17:38:49,60.7167,-46.0333,50.0,25,75,24.16
175,Nurota,UZ,2021-04-21 17:38:50,40.5614,65.6886,53.6,40,0,16.11
176,Ossora,RU,2021-04-21 17:38:50,59.2353,163.0719,29.14,97,100,1.52
177,Gat,IL,2021-04-21 17:38:50,31.61,34.7642,68.0,12,100,1.99
178,Fort William,GB,2021-04-21 17:38:51,56.8165,-5.1121,54.0,42,23,5.01
179,Dingle,PH,2021-04-21 17:38:51,10.9995,122.6711,78.15,82,100,7.56
180,Duiwelskloof,ZA,2021-04-21 17:38:51,-23.6934,30.14,60.22,62,0,0.69
181,Vila Franca Do Campo,PT,2021-04-21 17:35:12,37.7167,-25.4333,62.6,94,40,12.66
182,La Romana,DO,2021-04-21 17:38:52,18.4273,-68.9728,89.6,55,40,11.5
183,Jumla,NP,2021-04-21 17:38:52,29.2747,82.1838,41.77,94,100,4.63
184,Nabire,ID,2021-04-21 17:38:53,-3.3667,135.4833,76.77,88,97,3.67
185,Adrar,MR,2021-04-21 17:38:53,20.5022,-10.0711,95.72,5,59,10.63
186,Rurrenabaque,BO,2021-04-21 17:38:53,-14.4413,-67.5278,86.0,74,40,4.85
187,Singaparna,ID,2021-04-21 17:38:53,-7.3515,108.111,69.15,94,55,0.89
188,Asyut,EG,2021-04-21 17:38:54,27.181,31.1837,84.2,30,0,11.5
189,Arcachon,FR,2021-04-21 17:38:54,44.5875,-1.0519,68.0,48,0,6.91
190,Port Hueneme,US,2021-04-21 17:38:54,34.1478,-119.1951,63.0,67,1,10.36
191,Lavrentiya,RU,2021-04-21 17:38:55,65.5833,-171.0,20.53,61,87,4.09
192,Ponta Do Sol,PT,2021-04-21 17:38:55,32.6667,-17.1,68.0,66,85,5.01
193,Along,IN,2021-04-21 17:38:55,28.1667,94.7667,68.94,66,69,2.06
194,Vila Velha,BR,2021-04-21 17:38:56,-20.3297,-40.2925,84.0,54,0,9.22
195,Guantanamo,CU,2021-04-21 17:38:56,20.1444,-75.2092,86.0,66,75,11.5
196,Kieta,PG,2021-04-21 17:38:56,-6.2167,155.6333,78.94,81,79,2.39
197,San Rafael,AR,2021-04-21 17:38:56,-34.6177,-68.3301,56.75,74,96,7.05
198,Luderitz,NA,2021-04-21 17:38:57,-26.6481,15.1594,67.6,70,100,9.64
199,Huarmey,PE,2021-04-21 17:38:57,-10.0681,-78.1522,74.21,73,31,10.85
200,Richards Bay,ZA,2021-04-21 17:38:58,-28.783,32.0377,69.67,89,15,5.64
201,Chicama,PE,2021-04-21 17:38:58,-7.8447,-79.1469,66.2,88,40,10.36
202,Jiaocheng,CN,2021-04-21 17:38:58,24.6774,116.1389,72.23,74,96,2.75
203,Biak,ID,2021-04-21 17:38:59,-0.9131,122.8766,76.26,85,18,3.33
204,Muros,ES,2021-04-21 17:38:59,42.7762,-9.0603,57.0,90,100,5.53
205,Mount Pleasant,US,2021-04-21 17:34:38,32.7941,-79.8626,82.0,29,1,11.5
206,Wuwei,CN,2021-04-21 17:39:00,37.9281,102.6414,57.52,28,17,4.23
207,Matara,LK,2021-04-21 17:39:00,5.9485,80.5353,78.8,84,82,6.6
208,Paracuru,BR,2021-04-21 17:39:01,-3.41,-39.0306,82.0,73,79,11.01
209,Kruisfontein,ZA,2021-04-21 17:39:02,-34.0033,24.7314,64.99,89,80,1.01
210,Mogadishu,SO,2021-04-21 17:39:02,2.0371,45.3438,83.89,72,100,12.15
211,Araouane,ML,2021-04-21 17:39:02,18.9048,-3.5265,97.18,7,100,8.37
212,Kurumkan,RU,2021-04-21 17:39:03,54.3,110.3,21.85,56,65,4.9
213,Lorengau,PG,2021-04-21 17:39:03,-2.0226,147.2712,81.68,81,97,7.31
214,Kabelvag,NO,2021-04-21 17:39:03,68.2114,14.4817,35.6,60,40,14.97
215,Kudahuvadhoo,MV,2021-04-21 17:39:04,2.6708,72.8944,82.58,68,17,6.13
216,Umm Lajj,SA,2021-04-21 17:39:04,25.0213,37.2685,81.77,58,36,7.18
217,Husavik,IS,2021-04-21 17:39:04,66.0449,-17.3389,48.2,46,40,10.36
218,Hervey Bay,AU,2021-04-21 17:39:05,-25.2986,152.8535,66.99,86,30,1.01
219,Saskylakh,RU,2021-04-21 17:39:05,71.9167,114.0833,-7.62,100,85,4.9
220,Kroya,ID,2021-04-21 17:39:05,-7.6331,109.2461,77.13,80,48,4.79
221,Cabedelo,BR,2021-04-21 17:39:06,-6.9811,-34.8339,87.8,62,20,10.36
222,Muncar,ID,2021-04-21 17:39:06,-8.4333,114.3333,74.35,80,16,0.98
223,College,US,2021-04-21 17:39:07,64.8569,-147.8028,36.0,55,40,3.44
224,Porto Franco,BR,2021-04-21 17:37:42,-6.3383,-47.3992,77.29,88,99,0.85
225,Boajibu,SL,2021-04-21 17:39:07,8.1833,-11.3333,78.42,91,100,3.29
226,Porangatu,BR,2021-04-21 17:39:07,-13.4408,-49.1486,83.19,59,36,2.48
227,Moerai,PF,2021-04-21 17:39:08,-22.4333,-151.3333,77.38,70,78,27.02
228,Pangnirtung,CA,2021-04-21 17:39:08,66.1451,-65.7125,30.2,64,90,21.85
229,Atkinson,US,2021-04-21 17:39:08,42.8384,-71.147,69.8,43,90,14.97
230,Fatehpur Sikri,IN,2021-04-21 17:39:09,27.1,77.6667,78.53,31,98,6.24
231,Aykhal,RU,2021-04-21 17:39:09,66.0,111.5,1.24,95,90,5.32
232,Baraboo,US,2021-04-21 17:39:09,43.4711,-89.7443,39.99,52,90,4.61
233,Andros Town,BS,2021-04-21 17:39:10,24.7,-77.7667,87.8,66,75,9.22
234,Esperance,AU,2021-04-21 17:39:10,-33.8667,121.9,59.0,94,90,4.61
235,Zhezkazgan,KZ,2021-04-21 17:39:10,47.8043,67.7144,40.14,49,0,6.8
236,Dolgorukovo,RU,2021-04-21 17:39:11,52.3195,38.3453,42.96,91,95,5.95
237,Carnarvon,AU,2021-04-21 17:39:11,-24.8667,113.6333,69.8,83,76,8.05
238,Srednekolymsk,RU,2021-04-21 17:39:11,67.45,153.6833,20.55,80,55,7.16
239,Rincon,US,2021-04-21 17:39:12,32.296,-81.2354,82.4,32,20,18.41
240,Palmer,US,2021-04-21 17:39:12,42.1584,-72.3287,64.0,67,75,9.22
241,Jyvaskyla,FI,2021-04-21 17:39:13,62.2415,25.7209,48.2,46,0,8.05
242,Bara,NG,2021-04-21 17:39:13,10.3744,10.7288,96.89,20,100,7.47
243,Coihaique,CL,2021-04-21 17:39:13,-45.5752,-72.0662,53.6,62,75,8.05
244,Kaitangata,NZ,2021-04-21 17:39:14,-46.2817,169.8464,54.0,83,100,1.99
245,Macherla,IN,2021-04-21 17:39:14,16.4833,79.4333,85.86,54,64,6.22
246,Asau,RO,2021-04-21 17:39:14,46.4333,26.4,46.99,57,81,4.97
247,Oriximina,BR,2021-04-21 17:35:02,-1.7656,-55.8661,88.47,54,69,1.68
248,Yima,CN,2021-04-21 17:39:15,34.7381,111.8839,47.82,94,100,4.92
249,Yaan,NG,2021-04-21 17:39:15,7.3833,8.5667,91.22,45,36,10.11
250,Salym,RU,2021-04-21 17:39:16,60.0625,71.4789,24.89,87,10,3.69
251,Chokurdakh,RU,2021-04-21 17:39:16,70.6333,147.9167,16.66,95,100,10.58
252,Mahebourg,MU,2021-04-21 17:39:17,-20.4081,57.7,77.0,88,75,4.61
253,Pemangkat,ID,2021-04-21 17:39:17,1.1667,108.9667,79.61,81,14,3.09
254,Weligama,LK,2021-04-21 17:39:17,5.9667,80.4167,79.38,82,77,6.26
255,Leeton,AU,2021-04-21 17:39:17,-34.5667,146.4,33.8,93,23,1.21
256,Bengkulu,ID,2021-04-21 17:36:37,-3.8004,102.2655,75.58,91,93,4.36
257,Marrakesh,MA,2021-04-21 17:37:42,31.6315,-8.0083,82.4,30,0,6.91
258,Coruripe,BR,2021-04-21 17:39:18,-10.1256,-36.1756,82.65,75,72,12.5
259,Stornoway,GB,2021-04-21 17:39:18,58.2093,-6.3865,46.4,61,49,8.05
260,Hirtshals,DK,2021-04-21 17:39:19,57.5881,9.9592,48.99,49,40,17.27
261,Avera,US,2021-04-21 17:37:53,33.194,-82.5271,77.0,33,1,13.8
262,Jalu,LY,2021-04-21 17:39:19,29.0331,21.5482,77.23,17,61,10.07
263,Sur,OM,2021-04-21 17:39:20,22.5667,59.5289,86.23,41,0,9.19
264,Taunggyi,MM,2021-04-21 17:39:20,20.7833,97.0333,68.86,43,1,2.95
265,Torshavn,FO,2021-04-21 17:39:20,62.0097,-6.7716,42.8,75,75,16.11
266,Yulara,AU,2021-04-21 17:39:21,-25.2406,130.9889,57.2,41,0,5.75
267,Solvychegodsk,RU,2021-04-21 17:39:21,61.3305,46.9156,38.86,85,100,13.6
268,Sayyan,YE,2021-04-21 17:39:21,15.1718,44.3244,64.65,27,97,2.46
269,Khromtau,KZ,2021-04-21 17:39:22,50.2503,58.4347,40.15,48,99,9.42
270,Ancud,CL,2021-04-21 17:39:22,-41.8697,-73.8203,53.6,76,75,3.44
271,Teahupoo,PF,2021-04-21 17:39:23,-17.8333,-149.2667,77.0,83,40,3.44
272,Rockport,US,2021-04-21 17:39:23,28.0206,-97.0544,68.0,39,1,11.5
273,Lasa,IT,2021-04-21 17:39:23,46.6166,10.7002,60.8,40,40,6.91
274,Konigs Wusterhausen,DE,2021-04-21 17:39:24,52.3014,13.633,57.2,44,0,17.27
275,Oloron-Sainte-Marie,FR,2021-04-21 17:39:24,43.1944,-0.6107,68.0,40,40,6.91
276,Tateyama,JP,2021-04-21 17:39:24,34.9833,139.8667,59.0,26,0,5.75
277,Camacupa,AO,2021-04-21 17:39:25,-12.0167,17.4833,65.23,59,17,2.35
278,Pinawa,CA,2021-04-21 17:39:25,50.1489,-95.8811,43.63,48,88,6.08
279,Eskil,TR,2021-04-21 17:39:25,38.4017,33.4131,57.74,39,35,7.27
280,Fairbanks,US,2021-04-21 17:35:13,64.8378,-147.7164,36.0,55,1,2.08
281,Pochutla,MX,2021-04-21 17:39:26,15.7432,-96.4661,91.99,52,90,9.22
282,Barbastro,ES,2021-04-21 17:39:26,42.0356,0.1269,59.0,58,40,12.66
283,Vao,NC,2021-04-21 17:39:26,-22.6667,167.4833,74.03,71,82,6.64
284,Daru,PG,2021-04-21 17:39:27,-9.0763,143.2092,75.87,83,99,3.96
285,Westport,US,2021-04-21 17:37:19,41.1415,-73.3579,64.0,82,40,10.36
286,Broken Hill,AU,2021-04-21 17:39:28,-31.95,141.4333,50.0,50,48,10.6
287,Coquimbo,CL,2021-04-21 17:39:28,-29.9533,-71.3436,69.8,56,0,12.66
288,Los Llanos De Aridane,ES,2021-04-21 17:39:28,28.6585,-17.9182,71.6,64,75,6.91
289,Coracora,PE,2021-04-21 17:39:29,-15.0333,-73.7833,61.43,54,5,11.34
290,Sabi,GM,2021-04-21 17:39:29,13.2333,-14.2,103.35,10,87,4.38
291,Sambava,MG,2021-04-21 17:39:29,-14.2667,50.1667,76.59,88,100,10.25
292,Bambous Virieux,MU,2021-04-21 17:39:30,-20.3428,57.7575,77.0,88,75,4.61
293,Roald,NO,2021-04-21 17:39:30,62.5833,6.1333,39.2,81,75,12.66
294,Shu,KZ,2021-04-21 17:39:30,43.5983,73.7614,34.0,91,99,8.01
295,Atuona,PF,2021-04-21 17:39:31,-9.8,-139.0333,81.14,70,38,22.62
296,Belmonte,BR,2021-04-21 17:39:31,-15.8631,-38.8828,82.4,69,75,8.05
297,Gizo,SB,2021-04-21 17:39:31,-8.103,156.8419,82.2,74,98,3.85
298,Muroto,JP,2021-04-21 17:39:32,33.2833,134.15,62.98,64,25,4.41
299,Balikpapan,ID,2021-04-21 17:39:32,-1.2675,116.8289,78.53,80,45,8.7
300,Honiara,SB,2021-04-21 17:39:33,-9.4333,159.95,77.29,87,55,3.44
301,Bekhtery,UA,2021-04-21 17:39:33,46.251,32.2927,50.0,81,0,6.71
302,Doctor Mora,MX,2021-04-21 17:39:33,21.1417,-100.3125,75.0,40,1,9.22
303,Bardiyah,LY,2021-04-21 17:39:34,31.7561,25.0865,60.94,67,20,9.6
304,Pio Ix,BR,2021-04-21 17:39:34,-6.8375,-40.5792,81.99,65,92,2.24
305,Dailly,CH,2021-04-21 17:39:35,46.2,7.0333,57.2,44,75,6.91
306,Progreso,MX,2021-04-21 17:39:35,21.2833,-89.6667,91.99,58,75,11.41
307,Sayat,TM,2021-04-21 17:39:35,38.7839,63.8803,60.8,29,0,11.5
308,Piracuruca,BR,2021-04-21 17:39:36,-3.9281,-41.7092,83.68,73,83,4.18
309,Grand-Lahou,CI,2021-04-21 17:39:36,5.1367,-5.0242,84.18,75,42,11.12
310,Huntsville,US,2021-04-21 17:38:20,34.7304,-86.5861,48.99,57,75,11.5
311,Khandyga,RU,2021-04-21 17:39:37,62.6667,135.6,-0.04,98,89,2.89
312,High Level,CA,2021-04-21 17:39:37,58.5169,-117.136,37.4,70,90,24.16
313,Bilibino,RU,2021-04-21 17:39:38,68.0546,166.4372,5.32,87,37,4.07
314,Launceston,AU,2021-04-21 17:39:38,-41.45,147.1667,51.01,93,40,16.11
315,Malatya,TR,2021-04-21 17:39:38,38.5,38.0,62.6,22,0,10.36
316,Hualmay,PE,2021-04-21 17:39:39,-11.0964,-77.6139,73.56,72,14,10.36
317,Manggar,ID,2021-04-21 17:39:39,-2.8833,108.2667,81.66,71,42,7.58
318,Chapais,CA,2021-04-21 17:39:40,49.7834,-74.8492,21.2,58,90,8.05
319,Takoradi,GH,2021-04-21 17:39:40,4.8845,-1.7554,84.06,74,86,13.69
320,Bilecik,TR,2021-04-21 17:39:40,40.0,30.1667,53.6,57,40,4.61
321,San Andres,CO,2021-04-21 17:39:41,12.5847,-81.7006,86.0,66,20,17.27
322,Pocao De Pedras,BR,2021-04-21 17:39:41,-4.6667,-44.85,82.65,72,86,4.59
323,Sao Desiderio,BR,2021-04-21 17:39:42,-12.3633,-44.9733,76.86,69,55,5.66
324,Berdigestyakh,RU,2021-04-21 17:39:42,62.0989,126.6992,10.04,92,86,5.79
325,Marshfield,US,2021-04-21 17:39:42,44.6689,-90.1718,37.0,64,90,14.97
326,Grand Gaube,MU,2021-04-21 17:39:43,-20.0064,57.6608,77.0,84,100,3.0
327,Mingguang,CN,2021-04-21 17:39:43,32.7802,117.9638,61.05,93,100,0.13
328,Chumikan,RU,2021-04-21 17:39:43,54.7183,135.315,24.64,90,96,5.39
329,Tura,IN,2021-04-21 17:39:44,25.5198,90.2201,73.29,73,100,9.37
330,Boston,US,2021-04-21 17:38:07,42.3584,-71.0598,70.0,49,40,19.57
331,Atambua,ID,2021-04-21 17:39:45,-9.1061,124.8925,70.81,88,89,5.06
332,New Amsterdam,GY,2021-04-21 17:39:45,6.25,-57.5167,82.29,71,100,7.18
333,Athenry,IE,2021-04-21 17:39:45,53.2964,-8.7431,62.6,55,40,10.36
334,Vardo,NO,2021-04-21 17:39:46,70.3705,31.1107,42.8,56,0,16.11
335,Kashi,CN,2021-04-21 17:36:05,39.4547,75.9797,59.0,17,85,11.18
336,Nome,US,2021-04-21 17:39:46,64.5011,-165.4064,23.0,68,1,3.44
337,Honningsvag,NO,2021-04-21 17:39:46,70.9821,25.9704,39.2,87,75,17.27
338,Payo,ID,2021-04-21 17:39:47,-3.7508,103.6372,74.17,94,95,1.63
339,Aguimes,ES,2021-04-21 17:35:18,27.9054,-15.4461,73.0,64,20,29.93
340,Morehead,US,2021-04-21 17:39:47,37.2711,-87.1764,48.0,53,90,8.05
341,Bam,IR,2021-04-21 17:39:48,29.106,58.357,80.65,14,41,4.9
342,Ulaanbaatar,MN,2021-04-21 17:38:03,47.9077,106.8832,30.2,64,0,8.95
343,Ilulissat,GL,2021-04-21 17:39:48,69.2167,-51.1,24.8,50,1,5.75
344,Powell,US,2021-04-21 17:39:49,40.1578,-83.0752,39.99,52,40,14.97
345,Lashio,MM,2021-04-21 17:39:49,22.9333,97.75,68.09,33,0,1.61
346,Suicheng,CN,2021-04-21 17:39:49,33.8963,117.9331,56.17,98,100,5.93
347,Dhemaji,IN,2021-04-21 17:39:50,27.4833,94.5833,77.67,48,56,5.17
348,Balkanabat,TM,2021-04-21 17:39:50,39.5108,54.3671,77.49,25,54,24.76
349,Lata,PT,2021-04-21 17:39:50,40.1629,-8.3327,60.01,94,75,11.5
350,Akyab,MM,2021-04-21 17:39:51,20.15,92.9,80.06,83,1,4.14
351,Namatanai,PG,2021-04-21 17:39:51,-3.6667,152.4333,78.17,80,100,1.41
352,Soltsy,RU,2021-04-21 17:39:51,58.1239,30.3238,41.29,80,86,4.79
353,Sandnessjoen,NO,2021-04-21 17:39:52,66.0217,12.6316,39.2,52,40,8.05
354,Manowa,SL,2021-04-21 17:39:52,8.1667,-10.75,80.02,83,100,2.98
355,Port Macquarie,AU,2021-04-21 17:39:20,-31.4333,152.9167,48.99,86,1,1.01
356,Tabuk,PH,2021-04-21 17:39:53,17.4189,121.4443,73.15,86,100,1.88
357,Gushikawa,JP,2021-04-21 17:39:53,26.3544,127.8686,69.8,83,90,13.8
358,Gwadar,PK,2021-04-21 17:39:54,25.1216,62.3254,82.65,59,0,7.05
359,Burnie,AU,2021-04-21 17:39:54,-41.0667,145.9167,51.01,97,78,5.99
360,Dehloran,IR,2021-04-21 17:39:55,32.6941,47.2679,92.08,14,100,2.13
361,Amazar,RU,2021-04-21 17:39:55,53.858,120.875,34.52,79,100,8.01
362,Birao,CF,2021-04-21 17:39:56,10.2849,22.7882,90.82,25,100,2.37
363,Anloga,GH,2021-04-21 17:39:56,5.7947,0.8973,87.8,74,20,14.97
364,Lang Son,VN,2021-04-21 17:39:57,21.8333,106.7333,71.47,97,1,2.89
365,Uruguaiana,BR,2021-04-21 17:39:57,-29.7547,-57.0883,82.4,51,0,10.36
366,Punta Alta,AR,2021-04-21 17:39:58,-38.8759,-62.0736,76.17,47,25,22.06
367,Qorveh,IR,2021-04-21 17:39:58,35.1664,47.8045,63.57,30,31,1.59
368,Vostok,RU,2021-04-21 17:39:58,46.4856,135.8833,38.25,44,0,3.24
369,Coolum Beach,AU,2021-04-21 17:39:59,-26.5333,153.1,63.0,58,3,5.35
370,Pinjaur,IN,2021-04-21 17:39:59,30.7972,76.9172,65.84,64,64,6.33
371,Ahuimanu,US,2021-04-21 17:39:59,21.4447,-157.8378,73.4,88,75,3.44
372,Ternate,ID,2021-04-21 17:40:00,0.8,127.4,81.34,78,43,3.18
373,Bonavista,CA,2021-04-21 17:40:00,48.6499,-53.1147,46.4,66,95,6.91
374,Samfya,ZM,2021-04-21 17:40:00,-11.3649,29.5565,69.04,75,100,8.7
375,Shinpokh,PK,2021-04-21 17:40:01,34.3292,71.1782,73.4,53,20,4.61
376,Agde,FR,2021-04-21 17:36:14,43.3108,3.4758,59.0,72,0,8.05
377,Beringovskiy,RU,2021-04-21 17:40:01,63.05,179.3167,15.06,86,86,3.67
378,Vuktyl,RU,2021-04-21 17:40:02,63.8567,57.3094,36.46,87,47,6.96
379,Kodinar,IN,2021-04-21 17:38:05,20.7903,70.7031,79.86,80,96,12.03
380,Torbay,CA,2021-04-21 17:40:02,47.6666,-52.7314,50.0,61,75,16.11
381,Kamenka,RU,2021-04-21 17:40:04,51.3223,42.7678,46.0,87,78,7.87
382,Kupang,ID,2021-04-21 17:40:04,-10.1667,123.5833,74.93,84,53,6.02
383,Kalmunai,LK,2021-04-21 17:40:05,7.4167,81.8167,80.64,75,69,2.39
384,Hobyo,SO,2021-04-21 17:40:05,5.3505,48.5268,84.79,66,85,14.27
385,Jaisinghnagar,IN,2021-04-21 17:40:05,23.7,81.3833,78.13,42,100,4.18
386,Naryan-Mar,RU,2021-04-21 17:40:06,67.6713,53.087,35.82,88,100,10.65
387,Inhambane,MZ,2021-04-21 17:39:19,-23.865,35.3833,75.2,73,20,6.6
388,Tasiilaq,GL,2021-04-21 17:40:06,65.6145,-37.6368,31.75,72,100,7.99
389,Sitka,US,2021-04-21 17:40:06,57.0531,-135.33,44.6,76,1,10.36
390,Sivaki,RU,2021-04-21 17:40:07,52.6333,126.75,53.73,49,72,13.24
391,Sola,VU,2021-04-21 17:40:07,-13.8833,167.55,82.4,76,54,11.79
392,Singkang,MY,2021-04-21 17:40:07,2.1006,102.7994,78.8,94,20,0.13
393,Mabaruma,GY,2021-04-21 17:40:08,8.2,-59.7833,84.4,60,92,7.34
394,Khor,RU,2021-04-21 17:40:08,47.8861,134.9464,43.97,41,0,6.2
395,Chegdomyn,RU,2021-04-21 17:40:08,51.1167,133.0167,35.55,73,0,3.94
396,Pindorama,BR,2021-04-21 17:40:09,-21.1858,-48.9072,80.6,36,0,5.75
397,Mangaluru,IN,2021-04-21 17:38:20,12.8667,74.8833,84.2,70,40,3.44
398,Constitucion,CL,2021-04-21 17:40:10,-35.3333,-72.4167,58.8,95,100,25.66
399,Katherine,AU,2021-04-21 17:40:10,-14.4667,132.2667,75.2,73,40,2.3
400,Maniitsoq,GL,2021-04-21 17:40:10,65.4167,-52.9,35.17,75,0,7.85
401,Miranda De Ebro,ES,2021-04-21 17:40:11,42.6865,-2.947,61.0,63,75,10.36
402,Sengiley,RU,2021-04-21 17:40:11,53.9622,48.7944,37.4,100,90,22.37
403,Katsuura,JP,2021-04-21 17:40:11,35.1333,140.3,59.0,26,0,5.75
404,Dhidhdhoo,MV,2021-04-21 17:40:12,6.8833,73.1,84.24,66,68,5.75
405,Road Town,VG,2021-04-21 17:40:12,18.4167,-64.6167,82.99,69,40,16.11
406,Ambilobe,MG,2021-04-21 17:40:13,-13.2,49.05,76.78,74,100,6.04
407,Shahr-E Babak,IR,2021-04-21 17:40:13,30.1165,55.1186,71.38,17,68,8.66
408,Peniche,PT,2021-04-21 17:40:14,39.3558,-9.3811,62.01,91,96,18.99
409,Saryg-Sep,RU,2021-04-21 17:40:14,51.5,95.6,26.91,47,66,4.29
410,Muyezerskiy,RU,2021-04-21 17:40:14,63.9333,31.65,34.7,99,100,4.63
411,Gravdal,NO,2021-04-21 17:40:14,68.1214,13.5031,35.6,55,40,11.5
412,Ostrovnoy,RU,2021-04-21 17:40:15,68.0531,39.5131,35.76,78,84,7.87
413,Bubaque,GW,2021-04-21 17:40:15,11.2833,-15.8333,78.55,70,90,18.59
414,Minnedosa,CA,2021-04-21 17:40:15,50.2453,-99.8436,51.8,25,20,19.57
415,Svay Rieng,KH,2021-04-21 17:40:16,11.0879,105.7993,83.26,72,99,6.8
416,Talaya,RU,2021-04-21 17:40:16,61.3833,152.75,7.07,97,53,5.23
417,Kulhudhuffushi,MV,2021-04-21 17:40:17,6.6221,73.07,84.06,68,71,6.38
418,Ranong,TH,2021-04-21 17:40:17,9.9658,98.6348,81.12,77,48,4.88
419,Beloha,MG,2021-04-21 17:37:18,-25.1667,45.05,70.21,81,26,16.44
420,Zhigansk,RU,2021-04-21 17:40:18,66.7697,123.3711,-6.97,100,75,3.76
421,Lodja,CD,2021-04-21 17:40:18,-3.4833,23.4333,70.66,92,100,0.98
422,Baherden,TM,2021-04-21 17:40:19,38.4362,57.4316,73.36,29,36,14.63
423,Windhoek,NA,2021-04-21 17:39:25,-22.5594,17.0832,70.0,35,75,4.61
424,Bucerias,MX,2021-04-21 17:36:32,20.75,-105.3333,80.6,47,1,3.44
425,Kautokeino,NO,2021-04-21 17:40:19,69.0125,23.0412,31.32,90,100,18.32
426,Kushima,JP,2021-04-21 17:40:19,31.4583,131.2333,56.19,62,9,3.89
427,Buenos Aires,AR,2021-04-21 17:38:02,-34.6132,-58.3772,78.01,73,0,6.91
428,Lendava,SI,2021-04-21 17:40:20,46.5649,16.4509,57.0,30,22,1.01
429,Leirvik,NO,2021-04-21 17:40:20,59.7798,5.5005,44.01,81,40,31.07
430,Vila Do Maio,CV,2021-04-21 17:40:21,15.1333,-23.2167,77.0,57,75,16.11
431,Fukuma,JP,2021-04-21 17:40:21,33.7667,130.4667,61.0,72,99,2.3
432,Matagami,CA,2021-04-21 17:40:21,49.7502,-77.6328,19.4,73,90,9.22
433,Buraydah,SA,2021-04-21 17:40:22,26.326,43.975,89.6,15,0,4.61
434,Flin Flon,CA,2021-04-21 17:40:22,54.7682,-101.865,48.2,34,1,5.75
435,Zhoucheng,CN,2021-04-21 17:40:22,35.9122,116.3117,51.57,91,100,4.38
436,Hokitika,NZ,2021-04-21 17:40:23,-42.7167,170.9667,53.38,83,46,4.85
437,Oranjestad,AW,2021-04-21 17:40:17,12.524,-70.027,87.8,58,20,25.32
438,Ihosy,MG,2021-04-21 17:40:23,-22.4,46.1167,63.82,95,92,6.2
439,Burns Lake,CA,2021-04-21 17:40:24,54.2331,-125.7533,50.0,43,66,10.36
440,Wagar,SD,2021-04-21 17:40:24,16.1525,36.2032,97.68,18,26,13.96
441,Nova Olinda Do Norte,BR,2021-04-21 17:40:25,-3.8881,-59.0942,83.41,71,97,4.34
442,Torit,SS,2021-04-21 17:40:25,4.4133,32.5678,76.32,75,100,5.37
443,Acarau,BR,2021-04-21 17:36:23,-2.8856,-40.12,81.77,76,92,7.78
444,Nelson Bay,AU,2021-04-21 17:40:26,-32.7167,152.15,50.0,93,1,9.22
445,Atherton,GB,2021-04-21 17:40:26,53.5237,-2.4935,55.99,46,87,4.0
446,Pecos,US,2021-04-21 17:40:26,31.4229,-103.4932,51.8,25,1,13.8
447,Uwajima,JP,2021-04-21 17:40:27,33.2238,132.56,57.38,53,55,4.45
448,Porto Novo,BJ,2021-04-21 17:40:27,6.4965,2.6036,87.8,74,20,14.97
449,Banda Aceh,ID,2021-04-21 17:40:27,5.5577,95.3222,80.82,80,97,9.24
450,Sioux Lookout,CA,2021-04-21 17:40:28,50.1001,-91.917,33.8,37,20,5.75
451,Kapit,MY,2021-04-21 17:40:28,2.0167,112.9333,73.63,96,95,1.01
452,Alice Springs,AU,2021-04-21 17:40:29,-23.7,133.8833,50.0,57,2,3.44
453,Puerto Ayacucho,VE,2021-04-21 17:40:29,5.6639,-67.6236,94.44,38,40,1.66
454,Bagdarin,RU,2021-04-21 17:40:29,54.4333,113.6,18.05,82,64,5.3
455,Boyolangu,ID,2021-04-21 17:40:30,-8.1181,111.8935,73.83,89,31,0.92
456,Pouembout,NC,2021-04-21 17:40:30,-21.1333,164.9,72.37,90,37,3.69
457,Aksarka,RU,2021-04-21 17:40:31,66.5606,67.7975,32.47,93,100,10.83
458,Kysyl-Syr,RU,2021-04-21 17:40:31,63.8986,122.7617,-2.61,98,89,2.28
459,Baruun-Urt,MN,2021-04-21 17:40:31,46.6806,113.2792,54.0,68,100,13.65
460,Aswan,EG,2021-04-21 17:40:32,24.0934,32.907,96.13,16,84,15.48
461,San Juan,AR,2021-04-21 17:40:32,-31.5375,-68.5364,64.87,48,76,17.49
462,Marawi,PH,2021-04-21 17:40:32,7.9986,124.2928,75.0,92,88,5.01
463,Sembe,CG,2021-04-21 17:40:33,1.6481,14.5806,73.99,82,98,1.54
464,Saint-Dizier,FR,2021-04-21 17:40:33,48.4167,5.0833,62.6,48,0,6.91
465,Matiri,TZ,2021-04-21 17:40:33,-10.75,34.9,59.79,95,67,3.2
466,Semme,FR,2021-04-21 17:40:34,46.1963,1.5007,59.0,51,75,13.8
467,Tessalit,ML,2021-04-21 17:40:34,20.1986,1.0114,92.55,4,60,10.29
468,Fort Nelson,CA,2021-04-21 17:40:34,58.8053,-122.7002,30.2,69,90,21.85
469,Aklavik,CA,2021-04-21 17:40:35,68.2191,-135.0107,21.2,58,75,3.44
470,Qasigiannguit,GL,2021-04-21 17:40:35,68.8193,-51.1922,24.8,50,1,5.75
471,Vagur,FO,2021-04-21 17:40:35,61.4732,-6.8119,43.66,75,100,16.24
472,Eydhafushi,MV,2021-04-21 17:40:36,5.1033,73.0708,82.72,73,30,8.5
473,Horta,PT,2021-04-21 17:40:36,38.5333,-28.6333,64.4,94,75,28.77
474,Macaubas,BR,2021-04-21 17:40:37,-13.0194,-42.6986,81.32,60,41,2.59
475,Riyadh,SA,2021-04-21 17:40:37,24.6877,46.7219,96.8,10,0,2.3
476,Santa Fe,AR,2021-04-21 17:40:37,-31.6333,-60.7,79.0,59,70,5.99
477,Bad Reichenhall,DE,2021-04-21 17:40:38,47.7333,12.8833,57.2,47,40,4.61
478,Homer,US,2021-04-21 17:40:38,59.6425,-151.5483,37.4,100,40,4.61
479,Bogorodskoye,RU,2021-04-21 17:40:39,56.55,37.8833,38.05,90,100,7.63
480,Nador,MA,2021-04-21 17:36:19,35.174,-2.9287,66.2,59,0,6.91
481,Kirakira,SB,2021-04-21 17:40:39,-10.4544,161.9205,78.84,86,82,6.13
482,Alofi,NU,2021-04-21 17:40:39,-19.0595,-169.9187,75.2,94,56,4.61
483,Whitehorse,CA,2021-04-21 17:40:40,60.7161,-135.0538,30.99,47,40,12.66
484,Foumban,CM,2021-04-21 17:40:40,5.7291,10.9001,69.87,82,61,0.16
485,Zeya,RU,2021-04-21 17:40:41,53.75,127.2667,37.99,84,68,5.3
486,Mount Gambier,AU,2021-04-21 17:40:41,-37.8333,140.7667,50.0,100,75,12.66
487,Tucupita,VE,2021-04-21 17:40:41,9.0622,-62.051,85.01,56,76,6.15
488,Kavaratti,IN,2021-04-21 17:40:41,10.5669,72.642,84.11,69,53,8.32
489,Okha,RU,2021-04-21 17:40:42,53.5739,142.9478,20.64,94,16,3.47
490,Krasnoselkup,RU,2021-04-21 17:40:42,65.7,82.4667,14.02,91,98,9.48
491,Barra De Sao Francisco,BR,2021-04-21 17:40:43,-18.755,-40.8908,84.49,48,62,7.18
492,Tucuman,AR,2021-04-21 17:36:28,-26.8241,-65.2226,84.2,58,20,11.5
493,Karachi,PK,2021-04-21 17:40:43,24.9056,67.0822,82.4,78,40,8.05
494,Kaliganj,BD,2021-04-21 17:40:43,23.4095,89.1402,83.14,72,57,7.76
495,Gobabis,NA,2021-04-21 17:40:44,-22.45,18.9667,64.69,28,8,10.11
496,Amahai,ID,2021-04-21 17:40:44,-3.3333,128.9167,78.06,86,78,2.33
497,Dukat,RU,2021-04-21 17:40:44,62.55,155.55,19.76,96,100,5.86
498,Ingham,US,2021-04-21 17:40:45,42.6,-84.3833,41.0,48,90,10.36
499,Portobelo,PA,2021-04-21 17:40:45,9.55,-79.65,88.0,76,58,21.99
500,Floro,NO,2021-04-21 17:40:46,61.5996,5.0328,41.0,75,75,21.85
501,Kirovskiy,RU,2021-04-21 17:40:46,45.0917,133.5136,46.49,43,0,5.66
502,Beoumi,CI,2021-04-21 17:40:47,7.6736,-5.5764,84.43,66,76,2.68
503,Ati,TD,2021-04-21 17:40:47,13.2154,18.3353,90.32,7,72,1.41
504,Saint-Denis,FR,2021-04-21 17:40:47,48.9167,2.3333,64.4,42,0,11.5
505,Lohfelden,DE,2021-04-21 17:40:48,51.2667,9.5333,59.0,62,0,17.27
506,Holt,US,2021-04-21 17:40:48,42.6406,-84.5153,41.0,48,90,10.36
507,Roma,US,2021-04-21 17:40:49,43.2128,-75.4557,34.0,86,90,10.36
508,Ulladulla,AU,2021-04-21 17:40:49,-35.35,150.4667,48.99,81,1,9.22
509,Mastacani,RO,2021-04-21 17:40:49,45.7833,28.0333,53.64,61,65,7.07
510,Grand-Santi,GF,2021-04-21 17:40:50,4.25,-54.3833,79.57,92,69,4.12
511,Sassandra,CI,2021-04-21 17:40:50,4.95,-6.0833,83.64,75,99,10.0
512,Mehran,IR,2021-04-21 17:40:50,33.1222,46.1646,69.8,35,0,6.91
513,San Bartolome De Tirajana,ES,2021-04-21 17:40:51,27.9248,-15.5733,73.0,64,20,29.93
514,Logan Lake,CA,2021-04-21 17:40:51,50.4998,-120.8025,51.8,40,20,3.44
515,Pacific Grove,US,2021-04-21 17:40:51,36.6177,-121.9166,53.6,82,90,3.44
516,Monrovia,LR,2021-04-21 17:40:52,6.3005,-10.7969,86.0,70,75,6.91
517,Tarbagatay,RU,2021-04-21 17:40:52,51.4803,107.3602,28.4,64,99,4.47
518,Pascagoula,US,2021-04-21 17:40:53,30.3658,-88.5561,66.2,52,1,14.97
519,Narimanov,RU,2021-04-21 17:40:53,46.6927,47.8498,60.8,41,90,8.95
520,Pangkalanbuun,ID,2021-04-21 17:40:53,-2.6833,111.6167,74.64,85,100,1.28
521,Turukhansk,RU,2021-04-21 17:40:54,65.8167,87.9833,2.88,98,99,0.92
522,Kamen-Na-Obi,RU,2021-04-21 17:40:54,53.7884,81.3423,28.45,94,68,8.52
523,Ankazoabo,MG,2021-04-21 17:40:55,-22.2833,44.5167,72.14,59,60,5.01
524,Male,MV,2021-04-21 17:40:55,4.1748,73.5089,84.2,74,20,9.22
525,Manali,IN,2021-04-21 17:40:56,13.1667,80.2667,84.2,79,20,6.91
526,Verkhnetulomskiy,RU,2021-04-21 17:40:56,68.6073,31.7962,42.8,45,0,6.71
527,Ghizela,RO,2021-04-21 17:40:56,45.8242,21.7372,53.6,82,20,8.05
528,Te Anau,NZ,2021-04-21 17:40:57,-45.4167,167.7167,48.81,92,79,1.01
529,Matelandia,BR,2021-04-21 17:40:57,-25.2408,-53.9964,84.99,46,0,11.5
530,Makakilo City,US,2021-04-21 17:40:57,21.3469,-158.0858,73.99,73,20,5.75
531,San Policarpo,PH,2021-04-21 17:40:58,12.1791,125.5072,77.67,82,100,7.29
532,Port Lincoln,AU,2021-04-21 17:40:58,-34.7333,135.8667,59.47,79,87,14.0
533,Jutai,BR,2021-04-21 17:40:58,-5.1833,-68.9,84.29,75,72,3.58
534,Oktyabrskiy,RU,2021-04-21 17:40:59,54.4815,53.471,47.52,42,100,13.18
535,Gorin,RU,2021-04-21 17:40:59,51.1983,136.6669,34.38,82,50,3.98
536,Peranamallur,IN,2021-04-21 17:40:59,12.5667,79.4333,82.38,74,25,8.79
537,Khiv,RU,2021-04-21 17:41:00,41.7543,47.9306,55.36,90,98,5.03
538,Laguna,US,2021-04-21 17:41:00,38.421,-121.4238,66.0,63,1,3.44
539,Pringsewu,ID,2021-04-21 17:41:00,-5.3582,104.9744,72.72,96,73,2.19
540,Bambanglipuro,ID,2021-04-21 17:41:01,-7.95,110.2833,74.39,84,9,4.27
541,Nicoya,CR,2021-04-21 17:41:01,10.1483,-85.452,89.6,51,40,14.97
542,Rosignol,GY,2021-04-21 17:41:02,6.2833,-57.5333,82.11,71,100,7.56
543,Acapulco,MX,2021-04-21 17:41:02,16.8634,-99.8901,86.0,51,75,5.75
544,Tapejara,BR,2021-04-21 17:41:02,-28.0681,-52.0139,74.98,43,0,6.58
545,Manoel Urbano,BR,2021-04-21 17:41:03,-8.8389,-69.2597,83.79,78,50,3.91
546,Klaksvik,FO,2021-04-21 17:41:03,62.2266,-6.589,42.8,75,75,16.11
547,Pandan,PH,2021-04-21 17:41:03,14.0453,124.1694,78.4,88,100,7.9
548,Brazzaville,CG,2021-04-21 17:38:01,-4.2658,15.2832,87.8,58,20,9.22
549,Tecoanapa,MX,2021-04-21 17:41:04,16.5167,-98.75,87.12,45,30,10.16
550,Itaituba,BR,2021-04-21 17:36:13,-4.2761,-55.9836,77.0,94,75,6.91
551,Clonakilty,IE,2021-04-21 17:41:04,51.6231,-8.8706,55.0,76,20,13.8
552,Morinville,CA,2021-04-21 17:41:05,53.8001,-113.652,61.0,23,1,5.75
553,Udachnyy,RU,2021-04-21 17:41:05,66.4167,112.4,-0.18,95,98,3.47
554,Kiruna,SE,2021-04-21 17:41:06,67.8557,20.2251,32.0,93,90,11.5
555,Taltal,CL,2021-04-21 17:41:06,-25.4,-70.4833,68.34,64,8,6.08
556,Riberalta,BO,2021-04-21 17:41:06,-10.9833,-66.1,87.8,66,75,6.91
557,Fenoarivo,MG,2021-04-21 17:41:07,-18.933,47.4354,60.8,94,20,5.75
558,Cap Malheureux,MU,2021-04-21 17:41:07,-19.9842,57.6142,77.0,84,100,3.0
559,Goderich,CA,2021-04-21 17:41:07,43.7501,-81.7165,33.8,75,89,17.27
